<?xml version="1.0" encoding="UTF-8"?>
<root>
  <item name="com.labo.kaji.fragmentanimations.CubeAnimation CubeAnimation(int, boolean, long) 0">
    <annotation name="android.support.annotation.IntDef">
      <val name="value" val="{com.labo.kaji.fragmentanimations.CubeAnimation.UP, com.labo.kaji.fragmentanimations.CubeAnimation.DOWN, com.labo.kaji.fragmentanimations.CubeAnimation.LEFT, com.labo.kaji.fragmentanimations.CubeAnimation.RIGHT}" />
    </annotation>
  </item>
  <item name="com.labo.kaji.fragmentanimations.CubeAnimation com.labo.kaji.fragmentanimations.CubeAnimation create(int, boolean, long) 0">
    <annotation name="android.support.annotation.IntDef">
      <val name="value" val="{com.labo.kaji.fragmentanimations.CubeAnimation.UP, com.labo.kaji.fragmentanimations.CubeAnimation.DOWN, com.labo.kaji.fragmentanimations.CubeAnimation.LEFT, com.labo.kaji.fragmentanimations.CubeAnimation.RIGHT}" />
    </annotation>
  </item>
  <item name="com.labo.kaji.fragmentanimations.CubeAnimation mDirection">
    <annotation name="android.support.annotation.IntDef">
      <val name="value" val="{com.labo.kaji.fragmentanimations.CubeAnimation.UP, com.labo.kaji.fragmentanimations.CubeAnimation.DOWN, com.labo.kaji.fragmentanimations.CubeAnimation.LEFT, com.labo.kaji.fragmentanimations.CubeAnimation.RIGHT}" />
    </annotation>
  </item>
  <item name="com.labo.kaji.fragmentanimations.CubeAnimation.HorizontalCubeAnimation HorizontalCubeAnimation(int, boolean, long) 0">
    <annotation name="android.support.annotation.IntDef">
      <val name="value" val="{com.labo.kaji.fragmentanimations.CubeAnimation.UP, com.labo.kaji.fragmentanimations.CubeAnimation.DOWN, com.labo.kaji.fragmentanimations.CubeAnimation.LEFT, com.labo.kaji.fragmentanimations.CubeAnimation.RIGHT}" />
    </annotation>
  </item>
  <item name="com.labo.kaji.fragmentanimations.CubeAnimation.VerticalCubeAnimation VerticalCubeAnimation(int, boolean, long) 0">
    <annotation name="android.support.annotation.IntDef">
      <val name="value" val="{com.labo.kaji.fragmentanimations.CubeAnimation.UP, com.labo.kaji.fragmentanimations.CubeAnimation.DOWN, com.labo.kaji.fragmentanimations.CubeAnimation.LEFT, com.labo.kaji.fragmentanimations.CubeAnimation.RIGHT}" />
    </annotation>
  </item>
  <item name="com.labo.kaji.fragmentanimations.FlipAnimation FlipAnimation(int, boolean, long) 0">
    <annotation name="android.support.annotation.IntDef">
      <val name="value" val="{com.labo.kaji.fragmentanimations.FlipAnimation.UP, com.labo.kaji.fragmentanimations.FlipAnimation.DOWN, com.labo.kaji.fragmentanimations.FlipAnimation.LEFT, com.labo.kaji.fragmentanimations.FlipAnimation.RIGHT}" />
    </annotation>
  </item>
  <item name="com.labo.kaji.fragmentanimations.FlipAnimation com.labo.kaji.fragmentanimations.FlipAnimation create(int, boolean, long) 0">
    <annotation name="android.support.annotation.IntDef">
      <val name="value" val="{com.labo.kaji.fragmentanimations.FlipAnimation.UP, com.labo.kaji.fragmentanimations.FlipAnimation.DOWN, com.labo.kaji.fragmentanimations.FlipAnimation.LEFT, com.labo.kaji.fragmentanimations.FlipAnimation.RIGHT}" />
    </annotation>
  </item>
  <item name="com.labo.kaji.fragmentanimations.FlipAnimation mDirection">
    <annotation name="android.support.annotation.IntDef">
      <val name="value" val="{com.labo.kaji.fragmentanimations.FlipAnimation.UP, com.labo.kaji.fragmentanimations.FlipAnimation.DOWN, com.labo.kaji.fragmentanimations.FlipAnimation.LEFT, com.labo.kaji.fragmentanimations.FlipAnimation.RIGHT}" />
    </annotation>
  </item>
  <item name="com.labo.kaji.fragmentanimations.FlipAnimation.HorizontalFlipAnimation HorizontalFlipAnimation(int, boolean, long) 0">
    <annotation name="android.support.annotation.IntDef">
      <val name="value" val="{com.labo.kaji.fragmentanimations.FlipAnimation.UP, com.labo.kaji.fragmentanimations.FlipAnimation.DOWN, com.labo.kaji.fragmentanimations.FlipAnimation.LEFT, com.labo.kaji.fragmentanimations.FlipAnimation.RIGHT}" />
    </annotation>
  </item>
  <item name="com.labo.kaji.fragmentanimations.FlipAnimation.VerticalFlipAnimation VerticalFlipAnimation(int, boolean, long) 0">
    <annotation name="android.support.annotation.IntDef">
      <val name="value" val="{com.labo.kaji.fragmentanimations.FlipAnimation.UP, com.labo.kaji.fragmentanimations.FlipAnimation.DOWN, com.labo.kaji.fragmentanimations.FlipAnimation.LEFT, com.labo.kaji.fragmentanimations.FlipAnimation.RIGHT}" />
    </annotation>
  </item>
  <item name="com.labo.kaji.fragmentanimations.MoveAnimation MoveAnimation(int, boolean, long) 0">
    <annotation name="android.support.annotation.IntDef">
      <val name="value" val="{com.labo.kaji.fragmentanimations.MoveAnimation.UP, com.labo.kaji.fragmentanimations.MoveAnimation.DOWN, com.labo.kaji.fragmentanimations.MoveAnimation.LEFT, com.labo.kaji.fragmentanimations.MoveAnimation.RIGHT}" />
    </annotation>
  </item>
  <item name="com.labo.kaji.fragmentanimations.MoveAnimation com.labo.kaji.fragmentanimations.MoveAnimation create(int, boolean, long) 0">
    <annotation name="android.support.annotation.IntDef">
      <val name="value" val="{com.labo.kaji.fragmentanimations.MoveAnimation.UP, com.labo.kaji.fragmentanimations.MoveAnimation.DOWN, com.labo.kaji.fragmentanimations.MoveAnimation.LEFT, com.labo.kaji.fragmentanimations.MoveAnimation.RIGHT}" />
    </annotation>
  </item>
  <item name="com.labo.kaji.fragmentanimations.MoveAnimation mDirection">
    <annotation name="android.support.annotation.IntDef">
      <val name="value" val="{com.labo.kaji.fragmentanimations.MoveAnimation.UP, com.labo.kaji.fragmentanimations.MoveAnimation.DOWN, com.labo.kaji.fragmentanimations.MoveAnimation.LEFT, com.labo.kaji.fragmentanimations.MoveAnimation.RIGHT}" />
    </annotation>
  </item>
  <item name="com.labo.kaji.fragmentanimations.MoveAnimation.HorizontalMoveAnimation HorizontalMoveAnimation(int, boolean, long) 0">
    <annotation name="android.support.annotation.IntDef">
      <val name="value" val="{com.labo.kaji.fragmentanimations.MoveAnimation.UP, com.labo.kaji.fragmentanimations.MoveAnimation.DOWN, com.labo.kaji.fragmentanimations.MoveAnimation.LEFT, com.labo.kaji.fragmentanimations.MoveAnimation.RIGHT}" />
    </annotation>
  </item>
  <item name="com.labo.kaji.fragmentanimations.MoveAnimation.VerticalMoveAnimation VerticalMoveAnimation(int, boolean, long) 0">
    <annotation name="android.support.annotation.IntDef">
      <val name="value" val="{com.labo.kaji.fragmentanimations.MoveAnimation.UP, com.labo.kaji.fragmentanimations.MoveAnimation.DOWN, com.labo.kaji.fragmentanimations.MoveAnimation.LEFT, com.labo.kaji.fragmentanimations.MoveAnimation.RIGHT}" />
    </annotation>
  </item>
  <item name="com.labo.kaji.fragmentanimations.PushPullAnimation PushPullAnimation(int, boolean, long) 0">
    <annotation name="android.support.annotation.IntDef">
      <val name="value" val="{com.labo.kaji.fragmentanimations.PushPullAnimation.UP, com.labo.kaji.fragmentanimations.PushPullAnimation.DOWN, com.labo.kaji.fragmentanimations.PushPullAnimation.LEFT, com.labo.kaji.fragmentanimations.PushPullAnimation.RIGHT}" />
    </annotation>
  </item>
  <item name="com.labo.kaji.fragmentanimations.PushPullAnimation com.labo.kaji.fragmentanimations.PushPullAnimation create(int, boolean, long) 0">
    <annotation name="android.support.annotation.IntDef">
      <val name="value" val="{com.labo.kaji.fragmentanimations.PushPullAnimation.UP, com.labo.kaji.fragmentanimations.PushPullAnimation.DOWN, com.labo.kaji.fragmentanimations.PushPullAnimation.LEFT, com.labo.kaji.fragmentanimations.PushPullAnimation.RIGHT}" />
    </annotation>
  </item>
  <item name="com.labo.kaji.fragmentanimations.PushPullAnimation mDirection">
    <annotation name="android.support.annotation.IntDef">
      <val name="value" val="{com.labo.kaji.fragmentanimations.PushPullAnimation.UP, com.labo.kaji.fragmentanimations.PushPullAnimation.DOWN, com.labo.kaji.fragmentanimations.PushPullAnimation.LEFT, com.labo.kaji.fragmentanimations.PushPullAnimation.RIGHT}" />
    </annotation>
  </item>
  <item name="com.labo.kaji.fragmentanimations.PushPullAnimation.HorizontalPushPullAnimation HorizontalPushPullAnimation(int, boolean, long) 0">
    <annotation name="android.support.annotation.IntDef">
      <val name="value" val="{com.labo.kaji.fragmentanimations.PushPullAnimation.UP, com.labo.kaji.fragmentanimations.PushPullAnimation.DOWN, com.labo.kaji.fragmentanimations.PushPullAnimation.LEFT, com.labo.kaji.fragmentanimations.PushPullAnimation.RIGHT}" />
    </annotation>
  </item>
  <item name="com.labo.kaji.fragmentanimations.PushPullAnimation.VerticalPushPullAnimation VerticalPushPullAnimation(int, boolean, long) 0">
    <annotation name="android.support.annotation.IntDef">
      <val name="value" val="{com.labo.kaji.fragmentanimations.PushPullAnimation.UP, com.labo.kaji.fragmentanimations.PushPullAnimation.DOWN, com.labo.kaji.fragmentanimations.PushPullAnimation.LEFT, com.labo.kaji.fragmentanimations.PushPullAnimation.RIGHT}" />
    </annotation>
  </item>
  <item name="com.labo.kaji.fragmentanimations.SidesAnimation SidesAnimation(int, boolean, long) 0">
    <annotation name="android.support.annotation.IntDef">
      <val name="value" val="{com.labo.kaji.fragmentanimations.SidesAnimation.UP, com.labo.kaji.fragmentanimations.SidesAnimation.DOWN, com.labo.kaji.fragmentanimations.SidesAnimation.LEFT, com.labo.kaji.fragmentanimations.SidesAnimation.RIGHT}" />
    </annotation>
  </item>
  <item name="com.labo.kaji.fragmentanimations.SidesAnimation com.labo.kaji.fragmentanimations.SidesAnimation create(int, boolean, long) 0">
    <annotation name="android.support.annotation.IntDef">
      <val name="value" val="{com.labo.kaji.fragmentanimations.SidesAnimation.UP, com.labo.kaji.fragmentanimations.SidesAnimation.DOWN, com.labo.kaji.fragmentanimations.SidesAnimation.LEFT, com.labo.kaji.fragmentanimations.SidesAnimation.RIGHT}" />
    </annotation>
  </item>
  <item name="com.labo.kaji.fragmentanimations.SidesAnimation mDirection">
    <annotation name="android.support.annotation.IntDef">
      <val name="value" val="{com.labo.kaji.fragmentanimations.SidesAnimation.UP, com.labo.kaji.fragmentanimations.SidesAnimation.DOWN, com.labo.kaji.fragmentanimations.SidesAnimation.LEFT, com.labo.kaji.fragmentanimations.SidesAnimation.RIGHT}" />
    </annotation>
  </item>
  <item name="com.labo.kaji.fragmentanimations.SidesAnimation.HorizontalCubeAnimation HorizontalCubeAnimation(int, boolean, long) 0">
    <annotation name="android.support.annotation.IntDef">
      <val name="value" val="{com.labo.kaji.fragmentanimations.SidesAnimation.UP, com.labo.kaji.fragmentanimations.SidesAnimation.DOWN, com.labo.kaji.fragmentanimations.SidesAnimation.LEFT, com.labo.kaji.fragmentanimations.SidesAnimation.RIGHT}" />
    </annotation>
  </item>
  <item name="com.labo.kaji.fragmentanimations.SidesAnimation.VerticalCubeAnimation VerticalCubeAnimation(int, boolean, long) 0">
    <annotation name="android.support.annotation.IntDef">
      <val name="value" val="{com.labo.kaji.fragmentanimations.SidesAnimation.UP, com.labo.kaji.fragmentanimations.SidesAnimation.DOWN, com.labo.kaji.fragmentanimations.SidesAnimation.LEFT, com.labo.kaji.fragmentanimations.SidesAnimation.RIGHT}" />
    </annotation>
  </item>
</root>

